room,material,shader,material_asset,main_texture
"MC_EndCap_ru","stonewall","JVLmock_Custom/StaticRock","Assets/world/Props/stonewall/model/stonewall.mat","Assets/world/Props/stonewall/model/stonewall.png"
"MCRoom3_ru","JVLmock_stonepillar","JVLmock_Custom/StaticRock","Assets/world/Props/stonepillar/model/JVLmock_stonepillar.mat","Assets/world/Props/stonepillar/model/stonepillar_d.png"
"MCRoom3_ru","dirtwall","JVLmock_Custom/StaticRock","Assets/world/Props/DirtWalls/model/dirtwall.mat","Assets/world/Props/DirtWalls/model/dirtfloor_d.png"
"MCRoom3_ru","sunkenkit_stone_mat_interior 2","JVLmock_Custom/StaticRock","Assets/world/Props/CastleBuildingKit/_res/stone/sunkenkit_stone_mat_interior 2.mat","Assets/world/terrain/old/stone_sunken.png"
"MCRoom3_ru","altar","JVLmock_Custom/StaticRock","Assets/world/Props/offeraltar/model/altar.mat","Assets/world/Props/offeraltar/model/altar_d.png"
"MCRoom3_ru","fi_village_catacombs_0","Standard","Assets/WarpProjects/CryptRecovery/Source/Material/fi_village_catacombs_0.mat","Assets/WarpProjects/CryptRecovery/Source/Texture2D/fi_village_catacombs_hd_2.png"
"MCRoom3_ru","Skeleton","JVLmock_Custom/Creature","Assets/Characters/Skeleton/model/Materials/Skeleton.mat","Assets/Characters/Skeleton/model/Texture/Skeleton_d.png"
"MCRoom3_ru","stonewall_1","JVLmock_Custom/StaticRock","Assets/world/Props/stonewall/model/stonewall_1.mat","Assets/world/Props/stonewall/model/stonewall_1.png"
"MCRoom3_ru","fi_village_cathedral_base","JVLmock_Custom/Piece","Assets/3rd party/Fantasy_Interiors/Villages_&_Towns/Materials/fi_village_cathedral_base.mat","Assets/3rd party/Fantasy_Interiors/Villages_&_Towns/Textures/fi_village_cathedral_hd.png"
"MCRoom3_ru","fi_village_shields","Standard (Specular setup)","Assets/3rd party/Fantasy_Interiors/Villages_&_Towns/Materials/fi_village_shields.mat","Assets/3rd party/Fantasy_Interiors/Villages_&_Towns/Textures/fi_village_shields_hd.png"
"MCRoom4_ru","dirtwall","JVLmock_Custom/StaticRock","Assets/world/Props/DirtWalls/model/dirtwall.mat","Assets/world/Props/DirtWalls/model/dirtfloor_d.png"
"MCRoom4_ru","sunkenkit_stone_mat_interior 2","JVLmock_Custom/StaticRock","Assets/world/Props/CastleBuildingKit/_res/stone/sunkenkit_stone_mat_interior 2.mat","Assets/world/terrain/old/stone_sunken.png"
"MCRoom4_ru","stonewall_1","JVLmock_Custom/StaticRock","Assets/world/Props/stonewall/model/stonewall_1.mat","Assets/world/Props/stonewall/model/stonewall_1.png"
"MCRoom4_ru","JVLmock_stonepillar","JVLmock_Custom/StaticRock","Assets/world/Props/stonepillar/model/JVLmock_stonepillar.mat","Assets/world/Props/stonepillar/model/stonepillar_d.png"
"MCRoom7_ru","JVLmock_stonepillar","JVLmock_Custom/StaticRock","Assets/world/Props/stonepillar/model/JVLmock_stonepillar.mat","Assets/world/Props/stonepillar/model/stonepillar_d.png"
"MCRoom7_ru","stonewall_1","JVLmock_Custom/StaticRock","Assets/world/Props/stonewall/model/stonewall_1.mat","Assets/world/Props/stonewall/model/stonewall_1.png"
"MCRoom7_ru","sunkenkit_stone_mat_interior 2","JVLmock_Custom/StaticRock","Assets/world/Props/CastleBuildingKit/_res/stone/sunkenkit_stone_mat_interior 2.mat","Assets/world/terrain/old/stone_sunken.png"
"MCRoom7_ru","altar","JVLmock_Custom/StaticRock","Assets/world/Props/offeraltar/model/altar.mat","Assets/world/Props/offeraltar/model/altar_d.png"
"MCRoom7_ru","dirtwall","JVLmock_Custom/StaticRock","Assets/world/Props/DirtWalls/model/dirtwall.mat","Assets/world/Props/DirtWalls/model/dirtfloor_d.png"
"MCRoom7_ru","fi_village_catacombs","Standard","Assets/3rd party/Fantasy_Interiors/Villages_&_Towns/Materials/fi_village_catacombs.mat","Assets/3rd party/Fantasy_Interiors/Villages_&_Towns/Textures/fi_village_catacombs_hd_2.png"
"MCRoom7_ru","Skeleton","JVLmock_Custom/Creature","Assets/Characters/Skeleton/model/Materials/Skeleton.mat","Assets/Characters/Skeleton/model/Texture/Skeleton_d.png"
"MCRoom8_ru","fi_village_shields","Standard (Specular setup)","Assets/3rd party/Fantasy_Interiors/Villages_&_Towns/Materials/fi_village_shields.mat","Assets/3rd party/Fantasy_Interiors/Villages_&_Towns/Textures/fi_village_shields_hd.png"
"MCRoom8_ru","JVLmock_stonepillar","JVLmock_Custom/StaticRock","Assets/world/Props/stonepillar/model/JVLmock_stonepillar.mat","Assets/world/Props/stonepillar/model/stonepillar_d.png"
"MCRoom8_ru","sunkenkit_stone_mat_interior 2","JVLmock_Custom/StaticRock","Assets/world/Props/CastleBuildingKit/_res/stone/sunkenkit_stone_mat_interior 2.mat","Assets/world/terrain/old/stone_sunken.png"
"MCRoom8_ru","dirtwall","JVLmock_Custom/StaticRock","Assets/world/Props/DirtWalls/model/dirtwall.mat","Assets/world/Props/DirtWalls/model/dirtfloor_d.png"
"MCRoom8_ru","stonewall_1","JVLmock_Custom/StaticRock","Assets/world/Props/stonewall/model/stonewall_1.mat","Assets/world/Props/stonewall/model/stonewall_1.png"
"MCRoom8_ru","stonechest","JVLmock_Custom/StaticRock","Assets/world/Props/Chests/materials/stonechest.mat","Assets/world/Props/Chests/materials/stonechest_d.png"
"MCRoom9_ru","JVLmock_stonepillar","JVLmock_Custom/StaticRock","Assets/world/Props/stonepillar/model/JVLmock_stonepillar.mat","Assets/world/Props/stonepillar/model/stonepillar_d.png"
"MCRoom9_ru","dirtwall","JVLmock_Custom/StaticRock","Assets/world/Props/DirtWalls/model/dirtwall.mat","Assets/world/Props/DirtWalls/model/dirtfloor_d.png"
"MCRoom9_ru","stonewall_1","JVLmock_Custom/StaticRock","Assets/world/Props/stonewall/model/stonewall_1.mat","Assets/world/Props/stonewall/model/stonewall_1.png"
"MCRoom9_ru","sunkenkit_stone_mat_interior 2","JVLmock_Custom/StaticRock","Assets/world/Props/CastleBuildingKit/_res/stone/sunkenkit_stone_mat_interior 2.mat","Assets/world/terrain/old/stone_sunken.png"
"MCRoom9_ru","fi_village_catacombs","Standard","Assets/3rd party/Fantasy_Interiors/Villages_&_Towns/Materials/fi_village_catacombs.mat","Assets/3rd party/Fantasy_Interiors/Villages_&_Towns/Textures/fi_village_catacombs_hd_2.png"
"MCRoom9_ru","darkland_skull1","Standard","Assets/world/Props/Bones/darkland_skull1.mat","Assets/3rd party/Fantasy_Interiors/Villages_&_Towns/Textures/fi_village_catacombs_hd_2.png"
"MCRoom10_ru","JVLmock_stonepillar","JVLmock_Custom/StaticRock","Assets/world/Props/stonepillar/model/JVLmock_stonepillar.mat","Assets/world/Props/stonepillar/model/stonepillar_d.png"
"MCRoom10_ru","darkland_skull1","Standard","Assets/world/Props/Bones/darkland_skull1.mat","Assets/3rd party/Fantasy_Interiors/Villages_&_Towns/Textures/fi_village_catacombs_hd_2.png"
"MCRoom10_ru","sunkenkit_stone_mat_interior 2","JVLmock_Custom/StaticRock","Assets/world/Props/CastleBuildingKit/_res/stone/sunkenkit_stone_mat_interior 2.mat","Assets/world/terrain/old/stone_sunken.png"
"MCRoom10_ru","dirtwall","JVLmock_Custom/StaticRock","Assets/world/Props/DirtWalls/model/dirtwall.mat","Assets/world/Props/DirtWalls/model/dirtfloor_d.png"
"MCRoom10_ru","stonewall_1","JVLmock_Custom/StaticRock","Assets/world/Props/stonewall/model/stonewall_1.mat","Assets/world/Props/stonewall/model/stonewall_1.png"
"MCRoom10_ru","Sprites-Default","Sprites/Default","Resources/unity_builtin_extra",""
"MCRoom10_ru","stonechest","JVLmock_Custom/StaticRock","Assets/world/Props/Chests/materials/stonechest.mat","Assets/world/Props/Chests/materials/stonechest_d.png"
"MCRoom11_ru","JVLmock_stonepillar","JVLmock_Custom/StaticRock","Assets/world/Props/stonepillar/model/JVLmock_stonepillar.mat","Assets/world/Props/stonepillar/model/stonepillar_d.png"
"MCRoom11_ru","stonewall","JVLmock_Custom/StaticRock","Assets/world/Props/stonewall/model/stonewall.mat","Assets/world/Props/stonewall/model/stonewall.png"
"MCRoom11_ru","stonewall_1","JVLmock_Custom/StaticRock","Assets/world/Props/stonewall/model/stonewall_1.mat","Assets/world/Props/stonewall/model/stonewall_1.png"
"MCRoom11_ru","sunkenkit_stone_mat_interior 2","JVLmock_Custom/StaticRock","Assets/world/Props/CastleBuildingKit/_res/stone/sunkenkit_stone_mat_interior 2.mat","Assets/world/terrain/old/stone_sunken.png"
"MCRoom12_ru","dirtwall","JVLmock_Custom/StaticRock","Assets/world/Props/DirtWalls/model/dirtwall.mat","Assets/world/Props/DirtWalls/model/dirtfloor_d.png"
"MCRoom12_ru","sunkenkit_stone_mat_interior 2","JVLmock_Custom/StaticRock","Assets/world/Props/CastleBuildingKit/_res/stone/sunkenkit_stone_mat_interior 2.mat","Assets/world/terrain/old/stone_sunken.png"
"MCRoom12_ru","stonewall_1","JVLmock_Custom/StaticRock","Assets/world/Props/stonewall/model/stonewall_1.mat","Assets/world/Props/stonewall/model/stonewall_1.png"
"MCRoom12_ru","stoneslab","Standard","Assets/WarpProjects/CryptRecovery/Source/Material/stoneslab.mat","Assets/WarpProjects/CryptRecovery/Source/Texture2D/stoneslab_d.png"
"MCRoom12_ru","darkland_skull1","Standard","Assets/world/Props/Bones/darkland_skull1.mat","Assets/3rd party/Fantasy_Interiors/Villages_&_Towns/Textures/fi_village_catacombs_hd_2.png"
"MCRoom12_ru","fi_village_catacombs","Standard","Assets/3rd party/Fantasy_Interiors/Villages_&_Towns/Materials/fi_village_catacombs.mat","Assets/3rd party/Fantasy_Interiors/Villages_&_Towns/Textures/fi_village_catacombs_hd_2.png"
"MCRoom12_ru","Skeleton","JVLmock_Custom/Creature","Assets/Characters/Skeleton/model/Materials/Skeleton.mat","Assets/Characters/Skeleton/model/Texture/Skeleton_d.png"
"MCRoom12_ru","fi_village_catacombs_0","Standard","Assets/WarpProjects/CryptRecovery/Source/Material/fi_village_catacombs_0.mat","Assets/WarpProjects/CryptRecovery/Source/Texture2D/fi_village_catacombs_hd_2.png"
"MCRoom12_ru","JVLmock_stonepillar","JVLmock_Custom/StaticRock","Assets/world/Props/stonepillar/model/JVLmock_stonepillar.mat","Assets/world/Props/stonepillar/model/stonepillar_d.png"
"MCRoom13_ru","dirtwall","JVLmock_Custom/StaticRock","Assets/world/Props/DirtWalls/model/dirtwall.mat","Assets/world/Props/DirtWalls/model/dirtfloor_d.png"
"MCRoom13_ru","sunkenkit_stone_mat_interior 2","JVLmock_Custom/StaticRock","Assets/world/Props/CastleBuildingKit/_res/stone/sunkenkit_stone_mat_interior 2.mat","Assets/world/terrain/old/stone_sunken.png"
"MCRoom13_ru","stonewall_1","JVLmock_Custom/StaticRock","Assets/world/Props/stonewall/model/stonewall_1.mat","Assets/world/Props/stonewall/model/stonewall_1.png"
"MCRoom13_ru","JVLmock_stonepillar","JVLmock_Custom/StaticRock","Assets/world/Props/stonepillar/model/JVLmock_stonepillar.mat","Assets/world/Props/stonepillar/model/stonepillar_d.png"
"MCRoom14_ru","dirtwall","JVLmock_Custom/StaticRock","Assets/world/Props/DirtWalls/model/dirtwall.mat","Assets/world/Props/DirtWalls/model/dirtfloor_d.png"
"MCRoom14_ru","sunkenkit_stone_mat_interior 2","JVLmock_Custom/StaticRock","Assets/world/Props/CastleBuildingKit/_res/stone/sunkenkit_stone_mat_interior 2.mat","Assets/world/terrain/old/stone_sunken.png"
"MCRoom14_ru","stonewall_1","JVLmock_Custom/StaticRock","Assets/world/Props/stonewall/model/stonewall_1.mat","Assets/world/Props/stonewall/model/stonewall_1.png"
"MCRoom14_ru","JVLmock_stonepillar","JVLmock_Custom/StaticRock","Assets/world/Props/stonepillar/model/JVLmock_stonepillar.mat","Assets/world/Props/stonepillar/model/stonepillar_d.png"
"MCRoom15_ru","dirtwall","JVLmock_Custom/StaticRock","Assets/world/Props/DirtWalls/model/dirtwall.mat","Assets/world/Props/DirtWalls/model/dirtfloor_d.png"
"MCRoom15_ru","stonewall_1","JVLmock_Custom/StaticRock","Assets/world/Props/stonewall/model/stonewall_1.mat","Assets/world/Props/stonewall/model/stonewall_1.png"
"MCRoom15_ru","sunkenkit_stone_mat_interior 2","JVLmock_Custom/StaticRock","Assets/world/Props/CastleBuildingKit/_res/stone/sunkenkit_stone_mat_interior 2.mat","Assets/world/terrain/old/stone_sunken.png"
"MCRoom15_ru","JVLmock_stonepillar","JVLmock_Custom/StaticRock","Assets/world/Props/stonepillar/model/JVLmock_stonepillar.mat","Assets/world/Props/stonepillar/model/stonepillar_d.png"
"MCRoom15_ru","stonechest","JVLmock_Custom/StaticRock","Assets/world/Props/Chests/materials/stonechest.mat","Assets/world/Props/Chests/materials/stonechest_d.png"
"MCRoom16_ru","dirtwall","JVLmock_Custom/StaticRock","Assets/world/Props/DirtWalls/model/dirtwall.mat","Assets/world/Props/DirtWalls/model/dirtfloor_d.png"
"MCRoom16_ru","stonewall_1","JVLmock_Custom/StaticRock","Assets/world/Props/stonewall/model/stonewall_1.mat","Assets/world/Props/stonewall/model/stonewall_1.png"
"MCRoom16_ru","sunkenkit_stone_mat_interior 2","JVLmock_Custom/StaticRock","Assets/world/Props/CastleBuildingKit/_res/stone/sunkenkit_stone_mat_interior 2.mat","Assets/world/terrain/old/stone_sunken.png"
"MCRoom16_ru","JVLmock_stonepillar","JVLmock_Custom/StaticRock","Assets/world/Props/stonepillar/model/JVLmock_stonepillar.mat","Assets/world/Props/stonepillar/model/stonepillar_d.png"
"MCRoom17_ru","dirtwall","JVLmock_Custom/StaticRock","Assets/world/Props/DirtWalls/model/dirtwall.mat","Assets/world/Props/DirtWalls/model/dirtfloor_d.png"
"MCRoom17_ru","sunkenkit_stone_mat_interior 2","JVLmock_Custom/StaticRock","Assets/world/Props/CastleBuildingKit/_res/stone/sunkenkit_stone_mat_interior 2.mat","Assets/world/terrain/old/stone_sunken.png"
"MCRoom17_ru","stonewall_1","JVLmock_Custom/StaticRock","Assets/world/Props/stonewall/model/stonewall_1.mat","Assets/world/Props/stonewall/model/stonewall_1.png"
"MCRoom17_ru","JVLmock_stonepillar","JVLmock_Custom/StaticRock","Assets/world/Props/stonepillar/model/JVLmock_stonepillar.mat","Assets/world/Props/stonepillar/model/stonepillar_d.png"
"MCRoom17_ru","fi_village_catacombs_0","Standard","Assets/WarpProjects/CryptRecovery/Source/Material/fi_village_catacombs_0.mat","Assets/WarpProjects/CryptRecovery/Source/Texture2D/fi_village_catacombs_hd_2.png"
"MCRoom17_ru","fi_village_catacombs","Standard","Assets/3rd party/Fantasy_Interiors/Villages_&_Towns/Materials/fi_village_catacombs.mat","Assets/3rd party/Fantasy_Interiors/Villages_&_Towns/Textures/fi_village_catacombs_hd_2.png"
"MCRoom17_ru","Skeleton","JVLmock_Custom/Creature","Assets/Characters/Skeleton/model/Materials/Skeleton.mat","Assets/Characters/Skeleton/model/Texture/Skeleton_d.png"
"MCRoom18_ru","stonewall_1","JVLmock_Custom/StaticRock","Assets/world/Props/stonewall/model/stonewall_1.mat","Assets/world/Props/stonewall/model/stonewall_1.png"
"MCRoom18_ru","JVLmock_stonepillar","JVLmock_Custom/StaticRock","Assets/world/Props/stonepillar/model/JVLmock_stonepillar.mat","Assets/world/Props/stonepillar/model/stonepillar_d.png"
"MCRoom18_ru","sunkenkit_stone_mat_interior 2","JVLmock_Custom/StaticRock","Assets/world/Props/CastleBuildingKit/_res/stone/sunkenkit_stone_mat_interior 2.mat","Assets/world/terrain/old/stone_sunken.png"
"MCRoom18_ru","dirtwall","JVLmock_Custom/StaticRock","Assets/world/Props/DirtWalls/model/dirtwall.mat","Assets/world/Props/DirtWalls/model/dirtfloor_d.png"
"MCRoom18_ru","stonechest","JVLmock_Custom/StaticRock","Assets/world/Props/Chests/materials/stonechest.mat","Assets/world/Props/Chests/materials/stonechest_d.png"
"MCRoom19_ru","stonewall_1","JVLmock_Custom/StaticRock","Assets/world/Props/stonewall/model/stonewall_1.mat","Assets/world/Props/stonewall/model/stonewall_1.png"
"MCRoom19_ru","JVLmock_stonepillar","JVLmock_Custom/StaticRock","Assets/world/Props/stonepillar/model/JVLmock_stonepillar.mat","Assets/world/Props/stonepillar/model/stonepillar_d.png"
"MCRoom19_ru","sunkenkit_stone_mat_interior 2","JVLmock_Custom/StaticRock","Assets/world/Props/CastleBuildingKit/_res/stone/sunkenkit_stone_mat_interior 2.mat","Assets/world/terrain/old/stone_sunken.png"
"MCRoom19_ru","dirtwall","JVLmock_Custom/StaticRock","Assets/world/Props/DirtWalls/model/dirtwall.mat","Assets/world/Props/DirtWalls/model/dirtfloor_d.png"
"MCRoom19_ru","Skeleton","JVLmock_Custom/Creature","Assets/Characters/Skeleton/model/Materials/Skeleton.mat","Assets/Characters/Skeleton/model/Texture/Skeleton_d.png"
"MCRoom19_ru","fi_village_catacombs_0","Standard","Assets/WarpProjects/CryptRecovery/Source/Material/fi_village_catacombs_0.mat","Assets/WarpProjects/CryptRecovery/Source/Texture2D/fi_village_catacombs_hd_2.png"
"MCRoom22_ru","stonekit_village_cathedral_base","Standard","Assets/world/Props/CastleBuildingKit/_res/stone/stonekit_village_cathedral_base.mat","Assets/3rd party/Fantasy_Interiors/Villages_&_Towns/Textures/fi_village_cathedral_hd.png"
"MCRoom22_ru","JVLmock_stonepillar","JVLmock_Custom/StaticRock","Assets/world/Props/stonepillar/model/JVLmock_stonepillar.mat","Assets/world/Props/stonepillar/model/stonepillar_d.png"
"MCRoom22_ru","highrock","JVLmock_Custom/StaticRock","Assets/world/Props/Rocks/materials/highrock.mat","Assets/world/terrain/old/gouacherock_big.png"
"MCRoom22_ru","sunkenkit_stone_mat_interior 2","JVLmock_Custom/StaticRock","Assets/world/Props/CastleBuildingKit/_res/stone/sunkenkit_stone_mat_interior 2.mat","Assets/world/terrain/old/stone_sunken.png"
"MCRoom22_ru","stonewall_1","JVLmock_Custom/StaticRock","Assets/world/Props/stonewall/model/stonewall_1.mat","Assets/world/Props/stonewall/model/stonewall_1.png"
"MCRoom22_ru","fi_village_cathedral_base","JVLmock_Custom/Piece","Assets/3rd party/Fantasy_Interiors/Villages_&_Towns/Materials/fi_village_cathedral_base.mat","Assets/3rd party/Fantasy_Interiors/Villages_&_Towns/Textures/fi_village_cathedral_hd.png"
"MCRoom22_ru","startplatform","JVLmock_Custom/StaticRock","Assets/world/Props/StartTemple/models/startstone/startplatform.mat","Assets/world/Props/StartTemple/models/startstone/startstone.png"
"MCRoom22_ru","darkland_skull1","Standard","Assets/world/Props/Bones/darkland_skull1.mat","Assets/3rd party/Fantasy_Interiors/Villages_&_Towns/Textures/fi_village_catacombs_hd_2.png"
"MCRoom22_ru","fi_village_shields","Standard (Specular setup)","Assets/3rd party/Fantasy_Interiors/Villages_&_Towns/Materials/fi_village_shields.mat","Assets/3rd party/Fantasy_Interiors/Villages_&_Towns/Textures/fi_village_shields_hd.png"
"MCRoom22_ru","Skeleton","JVLmock_Custom/Creature","Assets/Characters/Skeleton/model/Materials/Skeleton.mat","Assets/Characters/Skeleton/model/Texture/Skeleton_d.png"
"MCRoom22_ru","fi_village_catacombs","Standard","Assets/3rd party/Fantasy_Interiors/Villages_&_Towns/Materials/fi_village_catacombs.mat","Assets/3rd party/Fantasy_Interiors/Villages_&_Towns/Textures/fi_village_catacombs_hd_2.png"
"MCRoom22_ru","StoneThrone_broken","JVLmock_Custom/Piece","Assets/GameElements/Pieces/_res/StoneThrone/model/StoneThrone_broken.mat","Assets/GameElements/Pieces/_res/StoneThrone/model/StoneThrone_broken_d.png"
"MCRoom22_ru","Sprites-Default","Sprites/Default","Resources/unity_builtin_extra",""
"MCRoom22_ru","JVLmock_corestand","Standard","Assets/GameElements/Items/pickables/_res/surtlingcorestand/JVLmock_corestand.mat","Assets/world/terrain/old/(Wood 26) tree bark seamless texture 2048x2048.png"
"MCRoom22_ru","surtlingcore","Standard","Assets/GameElements/Items/materials/_res/surtlingcore/surtlingcore.mat","Assets/GameElements/Items/materials/_res/surtlingcore/core_d.png"
"MCRoom22_ru","Default-Material","Standard","Resources/unity_builtin_extra",""
"MCRoom22_ru","SprigganHeart_ru","Standard","Assets/WarpProjects/CryptRecovery/Source/Material/SprigganHeart_ru.mat",""
"MCRoom22_ru","Tradaerrune_Mat","JVLmock_Custom/StaticRock","Assets/world/Props/TraderRune/model/Tradaerrune_Mat.mat","Assets/world/Props/TraderRune/model/TraderRunestone_d.png"
"MCRoom23_ru","sunkenkit_stone_mat_interior 2","JVLmock_Custom/StaticRock","Assets/world/Props/CastleBuildingKit/_res/stone/sunkenkit_stone_mat_interior 2.mat","Assets/world/terrain/old/stone_sunken.png"
"MCRoom23_ru","dirtwall","JVLmock_Custom/StaticRock","Assets/world/Props/DirtWalls/model/dirtwall.mat","Assets/world/Props/DirtWalls/model/dirtfloor_d.png"
"MCRoom23_ru","JVLmock_stonepillar","JVLmock_Custom/StaticRock","Assets/world/Props/stonepillar/model/JVLmock_stonepillar.mat","Assets/world/Props/stonepillar/model/stonepillar_d.png"
"MCRoom23_ru","stonewall_1","JVLmock_Custom/StaticRock","Assets/world/Props/stonewall/model/stonewall_1.mat","Assets/world/Props/stonewall/model/stonewall_1.png"
"MCRoom23_ru","fi_village_catacombs","Standard","Assets/3rd party/Fantasy_Interiors/Villages_&_Towns/Materials/fi_village_catacombs.mat","Assets/3rd party/Fantasy_Interiors/Villages_&_Towns/Textures/fi_village_catacombs_hd_2.png"
"MCRoom23_ru","Skeleton","JVLmock_Custom/Creature","Assets/Characters/Skeleton/model/Materials/Skeleton.mat","Assets/Characters/Skeleton/model/Texture/Skeleton_d.png"
"MCRoom23_ru","darkland_skull1","Standard","Assets/world/Props/Bones/darkland_skull1.mat","Assets/3rd party/Fantasy_Interiors/Villages_&_Towns/Textures/fi_village_catacombs_hd_2.png"
"MCRoom24_ru","sunkenkit_stone_mat_interior 2","JVLmock_Custom/StaticRock","Assets/world/Props/CastleBuildingKit/_res/stone/sunkenkit_stone_mat_interior 2.mat","Assets/world/terrain/old/stone_sunken.png"
"MCRoom24_ru","stonewall_1","JVLmock_Custom/StaticRock","Assets/world/Props/stonewall/model/stonewall_1.mat","Assets/world/Props/stonewall/model/stonewall_1.png"
"MCRoom24_ru","stonekit_village_cathedral_base","Standard","Assets/world/Props/CastleBuildingKit/_res/stone/stonekit_village_cathedral_base.mat","Assets/3rd party/Fantasy_Interiors/Villages_&_Towns/Textures/fi_village_cathedral_hd.png"
"MCRoom24_ru","fi_village_catacombs","Standard","Assets/3rd party/Fantasy_Interiors/Villages_&_Towns/Materials/fi_village_catacombs.mat","Assets/3rd party/Fantasy_Interiors/Villages_&_Towns/Textures/fi_village_catacombs_hd_2.png"
"MCRoom24_ru","Skeleton","JVLmock_Custom/Creature","Assets/Characters/Skeleton/model/Materials/Skeleton.mat","Assets/Characters/Skeleton/model/Texture/Skeleton_d.png"
"MCRoom24_ru","JVLmock_corestand","Standard","Assets/GameElements/Items/pickables/_res/surtlingcorestand/JVLmock_corestand.mat","Assets/world/terrain/old/(Wood 26) tree bark seamless texture 2048x2048.png"
"MCRoom24_ru","surtlingcore","Standard","Assets/GameElements/Items/materials/_res/surtlingcore/surtlingcore.mat","Assets/GameElements/Items/materials/_res/surtlingcore/core_d.png"
"MCRoom24_ru","stonechest","JVLmock_Custom/StaticRock","Assets/world/Props/Chests/materials/stonechest.mat","Assets/world/Props/Chests/materials/stonechest_d.png"
"MCRoom26_ru","sunkenkit_stone_mat_interior 2","JVLmock_Custom/StaticRock","Assets/world/Props/CastleBuildingKit/_res/stone/sunkenkit_stone_mat_interior 2.mat","Assets/world/terrain/old/stone_sunken.png"
"MCRoom26_ru","dirtwall","JVLmock_Custom/StaticRock","Assets/world/Props/DirtWalls/model/dirtwall.mat","Assets/world/Props/DirtWalls/model/dirtfloor_d.png"
"MCRoom27_ru","sunkenkit_stone_mat_interior 2","JVLmock_Custom/StaticRock","Assets/world/Props/CastleBuildingKit/_res/stone/sunkenkit_stone_mat_interior 2.mat","Assets/world/terrain/old/stone_sunken.png"
"MCRoom27_ru","altar","JVLmock_Custom/StaticRock","Assets/world/Props/offeraltar/model/altar.mat","Assets/world/Props/offeraltar/model/altar_d.png"
"MCRoom27_ru","JVLmock_stonepillar","JVLmock_Custom/StaticRock","Assets/world/Props/stonepillar/model/JVLmock_stonepillar.mat","Assets/world/Props/stonepillar/model/stonepillar_d.png"
"MCRoom27_ru","stonewall_1","JVLmock_Custom/StaticRock","Assets/world/Props/stonewall/model/stonewall_1.mat","Assets/world/Props/stonewall/model/stonewall_1.png"
"MCRoom27_ru","Curvedrock_snow_mat","JVLmock_Custom/StaticRock","Assets/world/Props/Caverocks/model/Curvedrock_snow_mat.mat","Assets/world/Props/Caverocks/model/curvedrock_d.png"
"MCRoom27_ru","JVLmock_corestand","Standard","Assets/GameElements/Items/pickables/_res/surtlingcorestand/JVLmock_corestand.mat","Assets/world/terrain/old/(Wood 26) tree bark seamless texture 2048x2048.png"
"MCRoom27_ru","surtlingcore","Standard","Assets/GameElements/Items/materials/_res/surtlingcore/surtlingcore.mat","Assets/GameElements/Items/materials/_res/surtlingcore/core_d.png"
"MCRoom27_ru","Skeleton","JVLmock_Custom/Creature","Assets/Characters/Skeleton/model/Materials/Skeleton.mat","Assets/Characters/Skeleton/model/Texture/Skeleton_d.png"
"MCRoom27_ru","darkland_skull2","Standard","Assets/world/Props/Bones/darkland_skull2.mat","Assets/3rd party/Fantasy_Interiors/Villages_&_Towns/Textures/fi_village_catacombs_hd_2_512.png"
"MCRoom27_ru","highrock","JVLmock_Custom/StaticRock","Assets/world/Props/Rocks/materials/highrock.mat","Assets/world/terrain/old/gouacherock_big.png"
"MCRoom27_ru","Tradaerrune_Mat","Standard","Assets/WarpProjects/CryptRecovery/Source/Material/Tradaerrune_Mat.mat","Assets/WarpProjects/CryptRecovery/Source/Texture2D/TraderRunestone_d.png"
"MCRoom27_ru","dirtwall","JVLmock_Custom/StaticRock","Assets/world/Props/DirtWalls/model/dirtwall.mat","Assets/world/Props/DirtWalls/model/dirtfloor_d.png"
"MCRoomEntrance_ru","sunkenkit_stone_mat_interior 2","JVLmock_Custom/StaticRock","Assets/world/Props/CastleBuildingKit/_res/stone/sunkenkit_stone_mat_interior 2.mat","Assets/world/terrain/old/stone_sunken.png"
"MCRoomEntrance_ru","JVLmock_stonepillar","JVLmock_Custom/StaticRock","Assets/world/Props/stonepillar/model/JVLmock_stonepillar.mat","Assets/world/Props/stonepillar/model/stonepillar_d.png"
"MCRoomEntrance_ru","stonewall_1","JVLmock_Custom/StaticRock","Assets/world/Props/stonewall/model/stonewall_1.mat","Assets/world/Props/stonewall/model/stonewall_1.png"
"MCRoomEntrance_ru","Sprites-Default","Sprites/Default","Resources/unity_builtin_extra",""
"MCRoomEntrance_ru","Curvedrock_snow_mat","JVLmock_Custom/StaticRock","Assets/world/Props/Caverocks/model/Curvedrock_snow_mat.mat","Assets/world/Props/Caverocks/model/curvedrock_d.png"
