current_mock,instances,candidate_mock,status,candidate_asset,candidate_child,notes,vanilla_room_mesh_uses,vanilla_room_example
JVLmock_CircleStone,1,JVLmock_StartPlatform,OFFSET,Assets/world/Props/StartTemple/StartPlatform.prefab,,"Same vertex/index/UV/normal arrays (320 vertices), different asset GUID. Native mesh Y=-0.27; compensate placement.",0,
JVLmock_CurvedRock,17,JVLmock_caverock_curvedrock,OFFSET,Assets/world/Props/Caverocks/caverock_curvedrock.prefab,,Native mesh X=-1; compensate placement. Check MaterialVariationWorld appearance.,1553,"{""path"": ""Assets/world/Rooms/cave/cave_new_endcap02_crystal.prefab"", ""hierarchy"": ""cave_new_endcap02_crystal/room/caverock_curvedrock/default""}"
JVLmock_FloorBig,1,JVLmock_caverock_floorbig,MATCH,Assets/world/Props/Caverocks/caverock_floorbig.prefab,,"Same mesh and relative transform; use cave variant, not Dvergr variant.",597,"{""path"": ""Assets/world/Rooms/cave/cave_shrine_start02_ice.prefab"", ""hierarchy"": ""cave_shrine_start02_ice/room/caverock_floorbig/default""}"
JVLmock_Pickable_ForestCryptRandom,39,JVLmock_Pickable_ForestCryptRandom,KEEP,Assets/GameElements/Items/pickables/Pickable_ForestCryptRandom.prefab,,Keep native gameplay prefab.,0,
JVLmock_Pickable_SurtlingCoreStand,5,JVLmock_Pickable_SurtlingCoreStand,KEEP,Assets/GameElements/Items/pickables/Pickable_SurtlingCoreStand.prefab,,Keep Surtling core behavior; other stands share geometry.,72,"{""path"": ""Assets/world/Rooms/rooms/forestcrypt_EndCap3.prefab"", ""hierarchy"": ""forestcrypt_EndCap3/Loot/Pickable_SurtlingCoreStand/visual/core""}"
JVLmock_Skull2,1,JVLmock_Skull2,KEEP,Assets/world/Props/Bones/Skull2.prefab,,Keep native transformed skull; Skull1 has different scale and material.,108,"{""path"": ""Assets/world/Rooms/rooms/sunkencrypt_new_Room2.prefab"", ""hierarchy"": ""sunkencrypt_new_Room2/mudpile2 (1)/original/fi_vil_combs_props_bone_skull (1)""}"
JVLmock_Spawner_Skeleton,7,JVLmock_Spawner_Skeleton,KEEP,Assets/Characters/Skeleton/Spawner_Skeleton.prefab,,Keep native spawner behavior.,0,
JVLmock_Stone throne_broken,2,JVLmock_piece_throne02__Broken__high,CHILD,Assets/GameElements/Pieces/piece_throne02.prefab,Broken/high,Exact broken high-detail mesh. Child-only target; inspect collision and LOD behavior before use.,0,
JVLmock_SunkenKit_int_wall_1x2,538,JVLmock_SunkenKit_int_wall_1x2,APPLIED,Assets/world/Props/CastleBuildingKit/SunkenKit_int_wall_1x2.prefab,,538 replacements already applied from stone_2x1_high; runtime test pending.,280,"{""path"": ""Assets/world/Rooms/tower/plainsfortress_Hildir_Endcap.prefab"", ""hierarchy"": ""plainsfortress_Hildir_Endcap/roundwall/SunkenKit_int_wall_1x2/stone_low""}"
JVLmock_TraderRune,1,JVLmock_TraderRune,KEEP,Assets/world/Props/TraderRune/TraderRune.prefab,,Keep existing native prop.,0,
JVLmock_TreasureChest_forestcrypt,4,JVLmock_TreasureChest_forestcrypt,KEEP,Assets/GameElements/Items/loot/TreasureChest_forestcrypt.prefab,,Keep forest crypt loot behavior; other chests share geometry.,65,"{""path"": ""Assets/world/Rooms/rooms/forestcrypt_new_Burialchamber03.prefab"", ""hierarchy"": ""forestcrypt_new_Burialchamber03/Props (1)/TreasureChest_forestcrypt/New/stonechesttop_closed""}"
JVLmock_altar,3,JVLmock_altar,SCALE,Assets/world/Props/offeraltar/altar.prefab,,Native child scale is 1.5; replacement root must compensate to preserve room geometry.,2,"{""path"": ""Assets/world/Rooms/rooms/forestcrypt_new_Burialchamber03.prefab"", ""hierarchy"": ""forestcrypt_new_Burialchamber03/Props (1)/altar/altar""}"
JVLmock_caverock_curvedrock,3,JVLmock_caverock_curvedrock,KEEP,Assets/world/Props/Caverocks/caverock_curvedrock.prefab,,Already contains native mesh offset; do not apply model-only correction.,1553,"{""path"": ""Assets/world/Rooms/cave/cave_new_endcap02_crystal.prefab"", ""hierarchy"": ""cave_new_endcap02_crystal/room/caverock_curvedrock/default""}"
JVLmock_crypt_skeleton_chest,2,JVLmock_crypt_skeleton_chest,KEEP,Assets/world/Props/Chests/crypt_skeleton_chest.prefab,,Keep trapped chest behavior; do not substitute ordinary chest.,65,"{""path"": ""Assets/world/Rooms/rooms/forestcrypt_chamber_hildir.prefab"", ""hierarchy"": ""forestcrypt_chamber_hildir/chests/crypt_skeleton_chest/New/stonechesttop_closed""}"
JVLmock_crypt_skeleton_laying,2,JVLmock_crypt_skeleton_laying,KEEP,Assets/world/dungeon/Crypt/crypt_skeleton_laying.prefab,,Keep complete existing skeleton prop.,42,"{""path"": ""Assets/world/Rooms/cave/cave_dome_bottom_lake.prefab"", ""hierarchy"": ""cave_dome_bottom_lake/Camp/crypt_skeleton_laying""}"
JVLmock_dirtwall,36,JVLmock_dirtwall,MATCH,Assets/world/Props/DirtWalls/dirtwall.prefab,,Both model-only and native-source variants have matching mesh transforms.,3,"{""path"": ""Assets/world/Rooms/rooms/forestcrypt_Stairs1.prefab"", ""hierarchy"": ""forestcrypt_Stairs1/Walls/dirtwall (2)/dirtwall""}"
JVLmock_fi_vil_cath_decor_swords_cross,2,JVLmock_fi_vil_cath_decor_swords_cross,MATCH,Assets/world/Props/CryptKit/fi_vil_cath_decor_swords_cross.prefab,,"Use native CryptKit prefab with same name, not third-party model asset.",2,"{""path"": ""Assets/world/Rooms/rooms/forestcrypt_new_Burialchamber03.prefab"", ""hierarchy"": ""forestcrypt_new_Burialchamber03/Props (1)/fi_vil_cath_decor_swords_cross""}"
JVLmock_fi_vil_combs_props_bone_coffin,4,JVLmock_crypt_skeleton_laying,REVIEW,Assets/world/dungeon/Crypt/crypt_skeleton_laying.prefab,,"Shared root mesh, but native prop adds ribcage and pelvis. Not an exact replacement; no isolated equivalent verified.",2,"{""path"": ""Assets/world/Rooms/cave/cave_dome_bottom_lake.prefab"", ""hierarchy"": ""cave_dome_bottom_lake/Camp/crypt_skeleton_laying""}"
JVLmock_fi_vil_combs_props_bone_hang_01a,7,JVLmock_crypt_hangingskeleton,MATCH,Assets/world/dungeon/Crypt/crypt_hangingskeleton.prefab,,Native hanging skeleton has same mesh and relative transform.,33,"{""path"": ""Assets/world/Rooms/tower/plainsfortress_Hildir_endcap_middlewall01.prefab"", ""hierarchy"": ""plainsfortress_Hildir_endcap_middlewall01/ROOM (1)/crypt_hangingskeleton""}"
JVLmock_fi_vil_combs_props_bone_skull,28,JVLmock_Skull1,MATCH,Assets/world/Props/Bones/Skull1.prefab,,Same mesh and relative transform; native darkland_skull1 material. Check intended color; Skull2 is transformed.,108,"{""path"": ""Assets/world/Rooms/rooms/forestcrypt_new_Burialchamber03.prefab"", ""hierarchy"": ""forestcrypt_new_Burialchamber03/Props/Skull1/fi_vil_combs_props_bone_skull""}"
JVLmock_fi_vil_combs_props_bonepile_01e,16,JVLmock_BogWitch_Camp__Hut__fi_vil_combs_props_bonepile_01e,CHILD,Assets/world/Props/BogWitchHut/BogWitch_Camp.prefab,Hut/fi_vil_combs_props_bonepile_01e,Native camp child; no vanilla room mesh use found. Do not spawn whole camp.,0,
JVLmock_fi_vil_combs_props_bonepile_02b,6,JVLmock_BogWitch_Camp__Hut__fi_vil_combs_props_bonepile_02b,CHILD,Assets/world/Props/BogWitchHut/BogWitch_Camp.prefab,Hut/fi_vil_combs_props_bonepile_02b,Native camp child; no vanilla room mesh use found. Do not spawn whole camp.,0,
JVLmock_fi_vil_combs_props_bonepile_02c,7,JVLmock_Pickable_ForestCryptRemains03__crypt_skeleton_pile03,CHILD,Assets/GameElements/Items/pickables/Pickable_ForestCryptRemains03.prefab,crypt_skeleton_pile03,Exact visual child; whole Pickable adds loot behavior.,74,"{""path"": ""Assets/world/Rooms/cave/cave_shrine_room01.prefab"", ""hierarchy"": ""cave_shrine_room01/dirtcorner/Pickable_ForestCryptRemains03/crypt_skeleton_pile03""}"
JVLmock_fi_vil_combs_props_bonepile_04a,4,JVLmock_Pickable_ForestCryptRemains02__crypt_skeleton_pile02__fi_vil_combs_props_bonepile_04a,CHILD,Assets/GameElements/Items/pickables/Pickable_ForestCryptRemains02.prefab,crypt_skeleton_pile02/fi_vil_combs_props_bonepile_04a,Exact visual child; whole remains prefab adds geometry and loot behavior.,129,"{""path"": ""Assets/world/Rooms/cave/cave_shrine_room01.prefab"", ""hierarchy"": ""cave_shrine_room01/dirtcorner/Pickable_ForestCryptRemains02/crypt_skeleton_pile02/fi_vil_combs_props_bonepile_04a""}"
JVLmock_fi_vil_combs_props_bonepile_04b,6,JVLmock_BogWitch_Camp__Hut__fi_vil_combs_props_bonepile_04b,CHILD,Assets/world/Props/BogWitchHut/BogWitch_Camp.prefab,Hut/fi_vil_combs_props_bonepile_04b,Native camp child; no vanilla room mesh use found. Do not spawn whole camp.,0,
JVLmock_fi_vil_combs_props_bonepile_04d,8,JVLmock_BogWitch_Camp__Hut__fi_vil_combs_props_bonepile_04d,CHILD,Assets/world/Props/BogWitchHut/BogWitch_Camp.prefab,Hut/fi_vil_combs_props_bonepile_04d,Native camp child; no vanilla room mesh use found. Do not spawn whole camp.,0,
JVLmock_fi_vil_shield05_a,5,JVLmock_fi_vil_shield05_a,MATCH,Assets/world/Props/CryptKit/fi_vil_shield05_a.prefab,,"Use native CryptKit prefab with same name, not third-party model asset.",13,"{""path"": ""Assets/world/Rooms/rooms/forestcrypt_room1.prefab"", ""hierarchy"": ""forestcrypt_room1/Props/shields/fi_vil_shield05_a""}"
JVLmock_skeleton_arm,3,JVLmock_Pickable_ForestCryptRemains02__crypt_skeleton_pile02__skeleton_arm,CHILD,Assets/GameElements/Items/pickables/Pickable_ForestCryptRemains02.prefab,crypt_skeleton_pile02/skeleton_arm,Exact visual child; whole remains prefab adds geometry and loot behavior.,34,"{""path"": ""Assets/world/Rooms/cave/cave_shrine_room01.prefab"", ""hierarchy"": ""cave_shrine_room01/dirtcorner/Pickable_ForestCryptRemains02/crypt_skeleton_pile02/skeleton_arm/arm_Skeleton_mesh.008""}"
JVLmock_skeleton_pelvis,7,JVLmock_crypt_skeleton_laying__skeleton_pelvis,CHILD,Assets/world/dungeon/Crypt/crypt_skeleton_laying.prefab,skeleton_pelvis,Exact visual child; whole skeleton adds geometry.,2,"{""path"": ""Assets/world/Rooms/cave/cave_dome_bottom_lake.prefab"", ""hierarchy"": ""cave_dome_bottom_lake/Camp/crypt_skeleton_laying/skeleton_pelvis/pelvis_Skeleton_mesh.009""}"
JVLmock_skeleton_ribcage,11,JVLmock_Pickable_ForestCryptRemains01__crypt_skeleton_pile01__skeleton_ribcage,CHILD,Assets/GameElements/Items/pickables/Pickable_ForestCryptRemains01.prefab,crypt_skeleton_pile01/skeleton_ribcage,This child preserves model-relative matrix; other ribcage parents can differ.,38,"{""path"": ""Assets/world/Rooms/cave/cave_shrine_room01.prefab"", ""hierarchy"": ""cave_shrine_room01/dirtcorner/Pickable_ForestCryptRemains01/crypt_skeleton_pile01/skeleton_ribcage/ribcage_Skeleton_mesh.000""}"
JVLmock_stair1,44,JVLmock_SunkenKit_int_stair,TRANSFORM,Assets/world/Props/CastleBuildingKit/SunkenKit_int_stair.prefab,,"Native child rotates Y=-90 and scales (0.8,0.7,0.79); compensate root matrix, including nonuniform room scales.",27,"{""path"": ""Assets/world/Rooms/rooms/sunkencrypt_new_Room2.prefab"", ""hierarchy"": ""sunkencrypt_new_Room2/Room/podium/SunkenKit_int_stair (2)/stair1""}"
JVLmock_stone_1x1,6,JVLmock_SunkenKit_int_wall_1x2,TRANSFORM,Assets/world/Props/CastleBuildingKit/SunkenKit_int_wall_1x2.prefab,,"Geometry verified after local X scale 0.5; no offset for low mesh. Native prefab adds high-detail mesh with a slight relative offset. Preserve existing instance transforms. Runtime materials, UV appearance and collision remain untested.",47,"{""path"": ""Assets/world/Rooms/rooms/meadowsvillage_greathall.prefab"", ""hierarchy"": ""meadowsvillage_greathall/house/furniture/stone_wall_1x1/new/stone_low""}"
JVLmock_stone_1x1_high,1906,JVLmock_SunkenKit_int_wall_1x2,TRANSFORM,Assets/world/Props/CastleBuildingKit/SunkenKit_int_wall_1x2.prefab,,"Geometry verified after local X scale 0.5 and local X offset +0.00973847482. Aligning high mesh leaves native low mesh/collider offset by this amount. Preserve existing instance transforms. Runtime materials, UV appearance and collision remain untested.",12,"{""path"": ""Assets/world/Rooms/rooms/meadowsvillage_greathall.prefab"", ""hierarchy"": ""meadowsvillage_greathall/house/furniture/stone_wall_1x1/new/stone_hgih""}"
JVLmock_stone_4x2,3,JVLmock_SunkenKit_int_wall_2x4,TRANSFORM,Assets/world/Props/CastleBuildingKit/SunkenKit_int_wall_2x4.prefab,,Same low-detail mesh; native children rotate Z=90. Adds high-detail LOD. Compensate transform.,1191,"{""path"": ""Assets/world/Rooms/rooms/sunkencrypt_new_Corridor2.prefab"", ""hierarchy"": ""sunkencrypt_new_Corridor2/SunkenKit_int_wall_2x4/stone""}"
JVLmock_stone_4x2_high,235,JVLmock_SunkenKit_int_wall_2x4,TRANSFORM,Assets/world/Props/CastleBuildingKit/SunkenKit_int_wall_2x4.prefab,,Same high-detail mesh; native children rotate Z=90. Adds low-detail LOD and collider. Compensate transform.,1191,"{""path"": ""Assets/world/Rooms/rooms/sunkencrypt_new_Corridor2.prefab"", ""hierarchy"": ""sunkencrypt_new_Corridor2/SunkenKit_int_wall_2x4/stone_high""}"
JVLmock_stonepillar,80,JVLmock_StonePillar,MATCH,Assets/world/Props/stonepillar/StonePillar.prefab,,Case-sensitive native root name; same mesh/transform. Native material is itself named JVLmock_stonepillar in this working rip; runtime material needs checking.,48,"{""path"": ""Assets/world/Rooms/cave/cave_shrine_start02_ice.prefab"", ""hierarchy"": ""cave_shrine_start02_ice/wall (2)/StonePillar_mountain/StonePillar""}"
JVLmock_stoneslab_lod0,12,JVLmock_StoneSlab,PAIR_REVIEW,Assets/world/Props/stoneslab/StoneSlab.prefab,,Native prop contains both LOD meshes. Pair with matching lod1 placement before replacement to prevent duplicate slabs.,1,"{""path"": ""Assets/world/Rooms/rooms/forestcrypt_new_BurialChamber02.prefab"", ""hierarchy"": ""forestcrypt_new_BurialChamber02/Props/StoneSlab/lod0""}"
JVLmock_stoneslab_lod1,12,JVLmock_StoneSlab,PAIR_REVIEW,Assets/world/Props/stoneslab/StoneSlab.prefab,,Native prop contains both LOD meshes. Pair with matching lod0 placement before replacement to prevent duplicate slabs.,1,"{""path"": ""Assets/world/Rooms/rooms/forestcrypt_new_BurialChamber02.prefab"", ""hierarchy"": ""forestcrypt_new_BurialChamber02/Props/StoneSlab/lod1""}"
JVLmock_stonewall,3,JVLmock_stonewall,SCALE,Assets/world/Props/stonewall/stonewall.prefab,,"All current variants have identity mesh matrix, native child scale is 1.5. Compensate even where nearest source is already native.",503,"{""path"": ""Assets/world/Rooms/rooms/forestcrypt_Chasm01.prefab"", ""hierarchy"": ""forestcrypt_Chasm01/Walls/stonewall/stonewall (1)""}"
JVLmock_stonewall_1,403,JVLmock_stonewall_1,SCALE,Assets/world/Props/stonewall/stonewall_1.prefab,,Correct native name already; raw model must become native prop with scale compensation for 1.5 child scale.,22,"{""path"": ""Assets/world/Rooms/rooms/forestcrypt_chamber_hildir.prefab"", ""hierarchy"": ""forestcrypt_chamber_hildir/Roof/stonewall_1/stonewall (1)""}"
JVLmock_widestone,11,JVLmock_widestone,VARIANT,Assets/world/Props/Rocks/widestone.prefab,,Model-only instances need compensation for native child scale 2 and X=-0.2. Existing complete native instances need no correction.,0,
